Aldershot	66,499	71,908	Hampshire	England
Aldridge-Brownhills	58,695	59,506	West Midlands	England
Altrincham and Sale West	69,605	72,008	Greater Manchester	England
Amber Valley	66,406	69,538	Derbyshire	England
Arundel and South Downs	71,203	76,697	West Sussex	England
Ashfield	74,674	77,049	Nottinghamshire	England
Ashford	72,501	81,947	Kent	England
Ashton-under-Lyne	67,334	68,553	Greater Manchester	England
Aylesbury	72,023	78,750	Buckinghamshire	England
Banbury	78,817	84,063	Oxfordshire	England
Barking	72,498	74,027	London (Barking and Dagenham)	England
Barnsley Central	64,117	64,732	South Yorkshire	England
Barnsley East	65,237	68,243	South Yorkshire	England
Barrow and Furness	69,142	69,148	Cumbria	England
Basildon and Billericay	65,475	65,373	Essex	England
Basingstoke	69,987	75,470	Hampshire	England
Bassetlaw	75,036	78,306	Nottinghamshire	England
Bath	65,048	66,690	Bath and North East Somerset	England
Batley and Spen	75,443	77,472	West Yorkshire (Kirklees)	England
Battersea	67,111	73,028	London (Wandsworth)	England
Beaconsfield	72,604	75,320	Buckinghamshire	England
Beckenham	63,405	66,470	London (Bromley)	England
Bedford	68,867	69,019	Bedfordshire	England
Bermondsey and Old Southwark	66,206	77,186	London (Southwark)	England
Berwick-upon-Tweed	57,571	55,785	Northumberland	England
Bethnal Green and Bow	66,423	79,581	London (Tower Hamlets)	England
Beverley and Holderness	74,488	79,775	East Yorkshire	England
Bexhill and Battle	73,593	78,602	East Sussex	England
Bexleyheath and Crayford	64,032	64,144	London (Bexley)	England
Birkenhead	66,452	62,432	Merseyside	England
Birmingham, Edgbaston	71,523	69,039	West Midlands	England
Birmingham, Erdington	67,357	67,598	West Midlands	England
Birmingham, Hall Green	74,814	77,157	West Midlands	England
Birmingham, Hodge Hill	75,563	75,595	West Midlands	England
Birmingham, Ladywood	65,061	74,008	West Midlands	England
Birmingham, Northfield	73,731	72,190	West Midlands	England
Birmingham, Perry Barr	72,968	71,794	West Midlands	England
Birmingham, Selly Oak	74,283	75,668	West Midlands	England
Birmingham, Yardley	73,864	73,261	West Midlands	England
Bishop Auckland	67,474	68,501	County Durham	England
Blackburn	73,010	72,112	Lancashire	England
Blackpool North and Cleveleys	65,449	66,187	Lancashire	England
Blackpool South	64,002	64,081	Lancashire	England
Blackley and Broughton	65,982	69,006	Greater Manchester	England
Blaydon	69,530	68,156	Tyne and Wear	England
Blyth Valley	62,657	63,173	Northumberland	England
Bognor Regis and Littlehampton	71,328	70,535	West Sussex	England
Bolsover	70,448	72,162	Derbyshire	England
Bolton North East	71,024	66,600	Greater Manchester	England
Bolton South East	73,348	69,088	Greater Manchester	England
Bolton West	68,575	71,454	Greater Manchester	England
Bootle	75,032	70,824	Merseyside	England
Boston and Skegness	71,003	70,620	Lincolnshire	England
Bosworth	72,948	77,787	Leicestershire	England
Bournemouth East	71,125	72,961	Dorset	England
Bournemouth West	68,080	72,714	Dorset	England
Bracknell	74,307	77,490	Berkshire	England
Bradford East	70,863	66,718	West Yorkshire (Bradford)	England
Bradford South	67,201	64,715	West Yorkshire (Bradford)	England
Bradford West	69,967	63,425	West Yorkshire (Bradford)	England
Braintree	65,616	72,064	Essex	England
Brent Central	71,073	73,385	London (Brent)	England
Brent North	71,398	82,648	London (Brent)	England
Brentford and Isleworth	79,334	83,332	London (Hounslow)	England
Brentwood and Ongar	68,099	71,041	Essex	England
Bridgwater and West Somerset	77,780	82,936	Somerset	England
Brigg and Goole	62,246	66,734	East Yorkshire & North Lincolnshire	England
Brighton, Kemptown	65,563	66,557	East Sussex	England
Brighton, Pavilion	70,509	73,430	East Sussex	England
Bristol East	68,245	69,347	Bristol	England
Bristol North West	72,563	73,920	Bristol	England
Bristol South	75,410	78,703	Bristol	England
Bristol West	74,262	82,503	Bristol	England
Broadland	71,241	73,066	Norfolk	England
Bromley and Chislehurst	63,489	65,508	London (Bromley)	England
Bromsgrove	68,443	73,279	Worcestershire	England
Broxbourne	67,800	71,872	Hertfordshire	England
Broxtowe	73,073	71,961	Nottinghamshire	England
Buckingham	69,560	75,837	Buckinghamshire	England
Burnley	67,256	67,003	Lancashire	England
Burton	70,324	75,302	Staffordshire	England
Bury North	65,440	67,911	Greater Manchester	England
Bury South	73,212	75,140	Greater Manchester	England
Bury St Edmunds	76,640	85,933	Suffolk	England
Calder Valley	75,379	76,041	West Yorkshire (Calderdale)	England
Camberwell and Peckham	67,764	78,605	London (Southwark)	England
Camborne and Redruth	60,773	64,798	Cornwall	England
Cambridge	76,906	75,259	Cambridgeshire	England
Cannock Chase	70,995	75,680	Staffordshire	England
Canterbury	72,745	73,779	Kent	England
Carlisle	63,001	66,322	Cumbria	England
Carshalton and Wallington	65,610	67,044	London (Sutton)	England
Castle Point	68,065	64,562	Essex	England
Central Devon	63,563	71,563	Devon	England
Central Suffolk and North Ipswich	69,264	76,177	Suffolk	England
Charnwood	70,869	75,454	Leicestershire	England
Chatham and Aylesford	66,482	68,437	Kent	England
Cheadle	72,933	71,797	Greater Manchester	England
Chelmsford	72,835	77,835	Essex	England
Chelsea and Fulham	63,330	62,958	London (Hammersmith and Fulham and Kensington and Chelsea)	England
Cheltenham	73,330	77,937	Gloucestershire	England
Chesham and Amersham	70,596	70,723	Buckinghamshire	England
Chesterfield	71,299	72,866	Derbyshire	England
Chichester	75,499	81,804	West Sussex	England
Chingford and Woodford Green	63,910	64,770	London (Redbridge and Waltham Forest)	England
Chippenham	65,755	73,312	Wiltshire	England
Chipping Barnet	74,890	76,455	London (Barnet)	England
Chorley	68,899	71,333	Lancashire	England
Christchurch	66,744	69,008	Dorset	England
Cities of London and Westminster	61,621	65,140	London (City and Westminster)	England
City of Chester	69,279	68,280	Cheshire	England
City of Durham	69,926	72,659	County Durham	England
Clacton	65,999	67,447	Essex	England
Cleethorpes	68,938	70,895	Humberside	England
Colchester	70,933	73,638	Essex	England
Colne Valley	78,355	80,791	West Yorkshire (Kirklees)	England
Congleton	71,944	73,820	Cheshire	England
Copeland	62,517	63,696	Cumbria	England
Corby	72,053	79,468	Northamptonshire	England
Coventry North East	76,185	74,870	West Midlands	England
Coventry North West	73,595	74,180	West Midlands	England
Coventry South	72,903	75,705	West Midlands	England
Crawley	71,789	71,793	West Sussex	England
Crewe and Nantwich	69,130	78,845	Cheshire	England
Croydon Central	73,420	76,980	London (Croydon)	England
Croydon North	79,819	85,107	London (Croydon)	England
Croydon South	78,363	81,554	London (Croydon)	England
Dagenham and Rainham	71,205	70,187	London (Barking and Dagenham and Havering)	England
Darlington	65,872	67,476	County Durham	England
Dartford	69,471	74,756	Kent	England
Daventry	67,256	71,903	Northamptonshire	England
Denton and Reddish	65,855	65,684	Greater Manchester	England
Derby North	71,311	72,617	Derbyshire	England
Derby South	69,584	72,048	Derbyshire	England
Derbyshire Dales	62,511	63,732	Derbyshire	England
Devizes	64,707	68,846	Wiltshire	England
Dewsbury	76,886	79,634	West Yorkshire (Kirklees)	England
Don Valley	72,358	73,674	South Yorkshire	England
Doncaster Central	74,388	73,874	South Yorkshire	England
Doncaster North	73,907	72,855	South Yorkshire	England
Dover	69,932	71,993	Kent	England
Dudley North	60,992	61,714	West Midlands	England
Dudley South	60,844	61,308	West Midlands	England
Dulwich and West Norwood	66,856	71,523	London (Lambeth and Southwark)	England
Ealing Central and Acton	71,258	69,828	London (Ealing)	England
Ealing North	72,971	73,105	London (Ealing)	England
Ealing, Southall	62,341	65,768	London (Ealing)	England
Easington	62,562	65,618	County Durham	England
East Devon	69,068	72,406	Devon	England
East Ham	72,900	91,531	London (Newham)	England
East Hampshire	67,452	72,648	Hampshire	England
East Surrey	74,786	77,145	Surrey	England
East Worthing and Shoreham	71,760	72,996	West Sussex	England
East Yorkshire	72,018	80,435	Humberside	England
Eastbourne	66,949	76,978	East Sussex	England
Eastleigh	72,715	78,313	Hampshire	England
Eddisbury	63,923	65,914	Cheshire	England
Edmonton	65,443	64,356	London (Enfield)	England
Ellesmere Port and Neston	68,372	66,995	Cheshire	England
Elmet and Rothwell	76,580	77,994	West Yorkshire (Leeds)	England
Eltham	64,907	63,059	London (Greenwich)	England
Enfield North	65,709	66,761	London (Enfield)	England
Enfield, Southgate	67,943	64,932	London (Enfield)	England
Epping Forest	70,441	72,212	Essex	England
Epsom and Ewell	72,866	76,916	Surrey	England
Erewash	68,934	70,022	Derbyshire	England
Erith and Thamesmead	64,307	69,718	London (Bexley and Greenwich)	England
Esher and Walton	74,052	76,962	Surrey	England
Exeter	74,492	76,796	Devon	England
Fareham	71,423	76,457	Hampshire	England
Faversham and Mid Kent	66,179	68,521	Kent	England
Feltham and Heston	77,606	80,437	London (Hounslow)	England
Filton and Bradley Stoke	62,299	69,732	South Gloucestershire	England
Finchley and Golders Green	71,800	71,595	London (Barnet)	England
Folkestone and Hythe	72,512	84,156	Kent	England
Forest of Dean	66,055	68,703	Gloucestershire	England
Fylde	62,745	66,504	Lancashire	England
Gainsborough	64,022	63,795	Lincolnshire	England
Garston and Halewood	73,480	71,618	Merseyside	England
Gateshead	69,403	66,066	Tyne and Wear	England
Gedling	70,575	70,886	Nottinghamshire	England
Gillingham and Rainham	71,539	71,109	Kent	England
Gloucester	74,876	80,788	Gloucestershire	England
Gosport	69,708	72,845	Hampshire	England
Grantham and Stamford	73,336	79,118	Lincolnshire	England
Gravesham	70,098	70,412	Kent	England
Great Grimsby	64,594	61,929	Humberside (NE Lincolnshire)	England
Great Yarmouth	69,086	70,526	Norfolk	England
Greenwich and Woolwich	60,473	66,982	London (Greenwich)	England
Guildford	74,987	77,517	Surrey	England
Hackney North and Stoke Newington	63,185	74,780	London (Hackney)	England
Hackney South and Shoreditch	57,204	73,778	London (Hackney)	England
Halesowen and Rowley Regis	66,579	67,656	West Midlands	England
Halifax	70,978	69,126	West Yorkshire (Calderdale)	England
Haltemprice and Howden	66,268	70,864	Humberside	England
Halton	69,727	70,322	Cheshire	England
Hammersmith	67,873	70,008	London (Hammersmith and Fulham)	England
Hampstead and Kilburn	74,573	78,552	London (Brent and Camden)	England
Harborough	72,881	78,753	Leicestershire	England
Harlow	67,232	67,700	Essex	England
Harrogate and Knaresborough	73,962	75,044	North Yorkshire	England
Harrow East	67,365	72,537	London (Harrow)	England
Harrow West	64,737	69,135	London (Harrow)	England
Hartlepool	68,262	70,010	Cleveland	England
Harwich and North Essex	67,715	71,087	Essex	England
Hastings and Rye	74,623	76,422	East Sussex	England
Havant	70,138	70,568	Hampshire	England
Hayes and Harlington	65,237	70,789	London (Hillingdon)	England
Hazel Grove	63,519	62,422	Greater Manchester	England
Hemel Hempstead	72,019	72,561	Hertfordshire	England
Hemsworth	71,988	73,487	West Yorkshire (Wakefield)	England
Hendon	73,976	74,329	London (Barnet)	England
Henley	72,331	73,851	Oxfordshire	England
Hereford and South Herefordshire	69,632	71,352	Herefordshire	England
Hertford and Stortford	73,717	79,255	Hertfordshire	England
Hertsmere	69,178	70,772	Hertfordshire	England
Hexham	59,666	60,499	Northumberland	England
Heywood and Middleton	78,036	79,636	Greater Manchester	England
High Peak	68,061	72,178	Derbyshire	England
Hitchin and Harpenden	68,765	74,189	Hertfordshire	England
Holborn and St Pancras	78,307	85,243	London (Camden)	England
Hornchurch and Upminster	79,496	79,568	London (Havering)	England
Hornsey and Wood Green	75,052	79,878	London (Haringey)	England
Horsham	72,277	77,001	West Sussex	England
Houghton and Sunderland South	71,347	70,115	Tyne and Wear	England
Hove	70,912	71,181	East Sussex	England
Huddersfield	66,275	66,681	West Yorkshire (Kirklees)	England
Huntingdon	74,724	79,134	Cambridgeshire	England
Hyndburn	68,030	69,617	Lancashire	England
Ilford North	67,525	72,702	London (Redbridge)	England
Ilford South	75,294	86,401	London (Redbridge)	England
Ipswich	71,717	75,195	Suffolk	England
Isle of Wight	103,480	110,924	Isle of Wight	England
Islington North	61,054	68,777	London (Islington)	England
Islington South and Finsbury	58,839	67,613	London (Islington)	England
Jarrow	65,804	65,047	Tyne and Wear	England
Keighley	68,652	66,967	West Yorkshire (Bradford)	England
Kenilworth and Southam	62,708	63,772	Warwickshire	England
Kensington	65,482	62,784	London (Kensington and Chelsea)	England
Kettering	62,813	69,610	Northamptonshire	England
Kingston and Surbiton	74,602	80,639	London (Kingston upon Thames)	England
Kingston upon Hull East	70,638	68,150	Humberside	England
Kingston upon Hull North	62,286	65,219	Humberside	England
Kingston upon Hull West and Hessle	64,369	61,232	Humberside	England
Kingswood	60,936	67,199	South Gloucestershire	England
Knowsley	79,099	79,334	Merseyside	England
Lancaster and Fleetwood	63,849	67,305	Lancashire	England
Leeds Central	78,941	80,912	West Yorkshire (Leeds)	England
Leeds East	67,571	64,742	West Yorkshire (Leeds)	England
Leeds North East	66,930	68,269	West Yorkshire (Leeds)	England
Leeds North West	66,466	65,047	West Yorkshire (Leeds)	England
Leeds West	67,629	67,222	West Yorkshire (Leeds)	England
Leicester East	66,176	74,377	Leicestershire	England
Leicester South	73,400	78,433	Leicestershire	England
Leicester West	64,301	65,432	Leicestershire	England
Leigh	74,231	77,001	Greater Manchester	England
Lewes	65,282	68,515	East Sussex	England
Lewisham, Deptford	67,682	67,590	London (Lewisham)	England
Lewisham East	67,833	65,508	London (Lewisham)	England
Lewisham West and Penge	68,411	69,399	London (Bromley and Lewisham)	England
Leyton and Wanstead	62,960	63,021	London (Redbridge and Waltham Forest)	England
Lichfield	68,301	73,085	Staffordshire	England
Lincoln	70,135	72,662	Lincolnshire	England
Liverpool, Riverside	72,873	73,406	Merseyside	England
Liverpool, Walton	72,182	61,974	Merseyside	England
Liverpool, Wavertree	72,256	61,979	Merseyside	England
Liverpool, West Derby	70,583	62,709	Merseyside	England
Loughborough	70,983	77,884	Leicestershire	England
Louth and Horncastle	70,463	76,233	Lincolnshire	England
Ludlow	63,052	66,199	Shropshire	England
Luton North	66,807	66,273	Bedfordshire	England
Luton South	69,326	65,889	Bedfordshire	England
Macclesfield	72,655	73,613	Cheshire	England
Maidenhead	73,868	74,028	Berkshire	England
Maidstone and The Weald	68,014	70,576	Kent	England
Makerfield	72,903	74,856	Greater Manchester	England
Maldon	65,899	69,539	Essex	England
Manchester Central	69,600	89,519	Greater Manchester	England
Manchester, Gorton	70,845	74,681	Greater Manchester	England
Manchester, Withington	69,187	73,656	Greater Manchester	England
Mansfield	77,524	79,849	Nottinghamshire	England
Meon Valley	65,952	71,291	Hampshire	England
Meriden	78,714	83,428	West Midlands	England
Mid Bedfordshire	70,111	76,381	Bedfordshire	England
Mid Derbyshire	64,939	66,572	Derbyshire	England
Mid Dorset and North Poole	65,066	64,705	Dorset	England
Mid Norfolk	68,328	75,080	Norfolk	England
Mid Sussex	73,822	77,044	West Sussex	England
Mid Worcestershire	69,351	71,660	Worcestershire	England
Middlesbrough	69,638	65,851	Cleveland	England
Middlesbrough South and East Cleveland	71,942	72,876	Cleveland	England
Milton Keynes North	75,312	81,226	Buckinghamshire	England
Milton Keynes South	75,682	85,552	Buckinghamshire	England
Mitcham and Morden	65,629	67,074	London (Merton)	England
Mole Valley	69,093	72,568	Surrey	England
Morecambe and Lunesdale	67,514	69,254	Lancashire	England
Morley and Outwood	69,583	75,163	West Yorkshire (Leeds and Wakefield)	England
New Forest East	69,646	73,542	Hampshire	England
New Forest West	65,269	68,987	Hampshire	England
Newark	69,803	72,407	Nottinghamshire	England
Newbury	74,865	77,898	Berkshire	England
Newcastle-under-Lyme	66,701	68,692	Staffordshire	England
Newcastle upon Tyne Central	64,803	60,795	Tyne and Wear	England
Newcastle upon Tyne East	68,068	65,203	Tyne and Wear	England
Newcastle upon Tyne North	68,753	67,401	Tyne and Wear	England
Newton Abbot	64,555	69,600	Devon	England
Normanton, Pontefract and Castleford	78,641	83,284	West Yorkshire (Wakefield)	England
North Cornwall	62,214	68,206	Cornwall	England
North Devon	68,272	75,098	Devon	England
North Dorset	66,608	73,010	Dorset	England
North Durham	68,087	68,959	County Durham	England
North East Bedfordshire	68,900	78,350	Bedfordshire	England
North East Cambridgeshire	74,165	83,661	Cambridgeshire	England
North East Derbyshire	71,580	72,374	Derbyshire	England
North East Hampshire	67,417	72,548	Hampshire	England
North East Hertfordshire	70,477	72,658	Hertfordshire	England
North East Somerset	65,942	68,546	Bath and North East Somerset	England
North Herefordshire	63,418	66,711	Herefordshire	England
North Norfolk	66,811	68,277	Norfolk	England
North Shropshire	72,964	77,673	Shropshire	England
North Somerset	71,308	78,223	North Somerset	England
North Swindon	67,106	79,488	Wiltshire	England
North Thanet	66,026	67,110	Kent	England
North Tyneside	71,751	78,617	Tyne and Wear	England
North Warwickshire	67,872	70,544	Warwickshire	England
North West Cambridgeshire	73,648	89,419	Cambridgeshire	England
North West Durham	67,298	72,760	County Durham	England
North West Hampshire	73,840	77,020	Hampshire	England
North West Leicestershire	67,534	72,022	Leicestershire	England
North West Norfolk	71,144	73,269	Norfolk	England
North Wiltshire	61,322	67,154	Wiltshire	England
Northampton North	64,212	62,095	Northamptonshire	England
Northampton South	62,133	63,048	Northamptonshire	England
Norwich North	64,506	64,982	Norfolk	England
Norwich South	68,763	73,569	Norfolk	England
Nottingham East	64,173	59,489	Nottinghamshire	England
Nottingham North	68,139	64,578	Nottinghamshire	England
Nottingham South	72,400	69,154	Nottinghamshire	England
Nuneaton	66,460	68,288	Warwickshire	England
Old Bexley and Sidcup	65,186	65,161	London (Bexley)	England
Oldham East and Saddleworth	70,984	72,249	Greater Manchester	England
Oldham West and Royton	70,947	72,402	Greater Manchester	England
Orpington	66,974	68,221	London (Bromley)	England
Oxford East	78,769	81,644	Oxfordshire	England
Oxford West and Abingdon	75,153	77,811	Oxfordshire	England
Pendle	63,347	66,735	Lancashire	England
Penistone and Stocksbridge	63,914	69,133	South Yorkshire	England
Penrith and The Border	61,000	65,234	Cumbria	England
Peterborough	70,640	72,787	Cambridgeshire	England
Plymouth, Moor View	68,843	68,556	Devon	England
Plymouth, Sutton and Devonport	73,240	71,236	Devon	England
Poole	67,933	72,773	Dorset	England
Poplar and Limehouse	59,400	74,919	London (Tower Hamlets)	England
Portsmouth North	70,871	71,798	Hampshire	England
Portsmouth South	71,774	71,947	Hampshire	England
Preston	63,558	61,025	Lancashire	England
Pudsey	68,150	69,738	West Yorkshire (Leeds)	England
Putney	59,331	62,153	London (Wandsworth)	England
Rayleigh and Wickford	71,975	76,089	Essex	England
Reading East	72,788	78,170	Berkshire	England
Reading West	72,250	73,216	Berkshire	England
Redcar	67,638	67,195	Cleveland	England
Redditch	64,501	66,492	Worcestershire	England
Reigate	67,432	72,043	Surrey	England
Ribble Valley	71,997	77,437	Lancashire	England
Richmond (Yorks)	74,434	78,902	North Yorkshire	England
Richmond Park	71,457	76,650	London (Kingston upon Thames
and Richmond upon Thames)	England
Rochdale	73,807	77,699	Greater Manchester	England
Rochester and Strood	69,032	75,001	Kent	England
Rochford and Southend East	69,904	71,131	Essex	England
Romford	69,536	71,978	London (Havering)	England
Romsey and Southampton North	65,461	67,696	Hampshire	England
Rossendale and Darwen	70,698	73,443	Lancashire	England
Rother Valley	72,237	73,068	South Yorkshire	England
Rotherham	65,305	63,131	South Yorkshire	England
Rugby	65,407	69,932	Warwickshire	England
Ruislip, Northwood and Pinner	68,244	71,706	London (Harrow and Hillingdon)	England
Runnymede and Weybridge	73,357	73,680	Surrey	England
Rushcliffe	70,484	73,430	Nottinghamshire	England
Rutland and Melton	72,214	77,324	Leicestershire and Rutland	England
Saffron Walden	70,402	77,109	Essex	England
Salisbury	66,502	68,731	Wiltshire	England
Salford and Eccles	73,162	76,863	Greater Manchester	England
Scarborough and Whitby	76,572	76,078	North Yorkshire	England
Scunthorpe	62,032	63,489	Humberside	England
Sedgefield	63,917	67,386	County Durham	England
Sefton Central	71,744	67,696	Merseyside	England
Selby and Ainsty	67,709	73,580	North Yorkshire	England
Sevenoaks	69,794	69,925	Kent	England
Sheffield, Brightside and Hillsborough	73,619	69,206	South Yorkshire	England
Sheffield Central	65,261	69,975	South Yorkshire	England
Sheffield, Hallam	65,594	70,032	South Yorkshire	England
Sheffield, Heeley	69,789	66,432	South Yorkshire	England
Sheffield South East	66,817	67,792	South Yorkshire	England
Sherwood	70,042	72,022	Nottinghamshire	England
Shipley	69,427	68,129	West Yorkshire (Bradford)	England
Shrewsbury and Atcham	74,984	73,978	Shropshire	England
Sittingbourne and Sheppey	69,349	74,796	Kent	England
Skipton and Ripon	75,532	77,098	North Yorkshire	England
Sleaford and North Hykeham	73,058	85,561	Lincolnshire	England
Slough	73,627	81,327	Berkshire	England
Solihull	75,988	77,354	West Midlands	England
Somerton and Frome	74,223	82,150	Somerset	England
South Basildon and East Thurrock	71,425	71,819	Essex	England
South Cambridgeshire	71,597	80,001	Cambridgeshire	England
South Derbyshire	62,130	71,326	Derbyshire	England
South Dorset	67,752	73,499	Dorset	England
South East Cambridgeshire	73,941	82,265	Cambridgeshire	England
South East Cornwall	67,018	71,851	Cornwall	England
South Holland and The Deepings	70,402	76,939	Lincolnshire	England
South Leicestershire	72,731	77,412	Leicestershire	England
South Norfolk	69,691	77,316	Norfolk	England
South Northamptonshire	68,773	82,956	Northamptonshire	England
South Ribble	71,730	75,116	Lancashire	England
South Shields	65,773	63,765	Tyne and Wear	England
South Staffordshire	72,338	74,189	Staffordshire	England
South Suffolk	69,119	72,965	Suffolk	England
South Swindon	70,794	73,449	Wiltshire	England
South Thanet	69,501	67,970	Kent	England
South West Bedfordshire	71,288	76,178	Bedfordshire	England
South West Devon	68,756	70,756	Devon	England
South West Hertfordshire	74,440	78,269	Hertfordshire	England
South West Norfolk	67,666	75,034	Norfolk	England
South West Surrey	75,107	76,495	Surrey	England
South West Wiltshire	63,865	72,820	Wiltshire	England
Southampton, Itchen	71,142	74,513	Hampshire	England
Southampton, Test	72,018	71,263	Hampshire	England
Southend West	66,508	66,780	Essex	England
Southport	70,544	67,803	Merseyside	England
Spelthorne	69,291	71,211	Surrey	England
St Albans	66,738	70,298	Hertfordshire	England
St Austell and Newquay	67,936	75,974	Cornwall	England
St Helens North	76,263	75,688	Merseyside	England
St Helens South and Whiston	76,614	78,612	Merseyside	England
St Ives	62,962	66,696	Cornwall	England
Stafford	69,274	69,832	Staffordshire	England
Staffordshire Moorlands	60,810	62,457	Staffordshire	England
Stalybridge and Hyde	66,563	70,691	Greater Manchester	England
Stevenage	66,881	69,357	Hertfordshire	England
Stockport	64,679	62,764	Greater Manchester	England
Stockton North	67,529	67,333	Cleveland	England
Stockton South	68,506	74,521	Cleveland	England
Stoke-on-Trent Central	63,330	61,774	Staffordshire	England
Stoke-on-Trent North	69,938	72,225	Staffordshire	England
Stoke-on-Trent South	67,629	68,624	Staffordshire	England
Stone	64,653	66,729	Staffordshire	England
Stourbridge	68,590	70,225	West Midlands	England
Stratford-on-Avon	64,954	69,108	Warwickshire	England
Streatham	69,355	71,913	London (Lambeth)	England
Stretford and Urmston	72,414	70,520	Greater Manchester	England
Stroud	75,258	79,135	Gloucestershire	England
Suffolk Coastal	76,085	76,932	Suffolk	England
Sunderland Central	76,457	76,292	Tyne and Wear	England
Surrey Heath	75,454	78,453	Surrey	England
Sutton and Cheam	66,147	66,571	London (Sutton)	England
Sutton Coldfield	72,019	75,031	West Midlands	England
Tamworth	69,490	72,544	Staffordshire	England
Tatton	65,030	65,200	Cheshire	England
Taunton Deane	77,535	82,882	Somerset	England
Telford	63,906	65,938	Shropshire	England
Tewkesbury	72,146	77,206	Gloucestershire	England
The Cotswolds	73,097	78,439	Gloucestershire	England
The Wrekin	62,024	66,111	Shropshire	England
Thirsk and Malton	73,534	77,230	North Yorkshire	England
Thornbury and Yate	63,320	64,736	South Gloucestershire	England
Thurrock	71,067	77,667	Essex	England
Tiverton and Honiton	69,682	75,839	Devon	England
Tonbridge and Malling	65,969	71,989	Kent	England
Tooting	69,445	72,707	London (Wandsworth)	England
Torbay	69,340	76,219	Devon	England
Torridge and West Devon	68,720	77,417	Devon	England
Totnes	64,939	67,562	Devon	England
Tottenham	64,888	70,162	London (Haringey)	England
Truro and Falmouth	64,587	71,340	Cornwall	England
Tunbridge Wells	69,479	73,028	Kent	England
Twickenham	74,154	79,172	London (Richmond upon Thames)	England
Tynemouth	71,514	76,618	Tyne and Wear	England
Uxbridge and South Ruislip	66,253	71,954	London (Hillingdon)	England
Vauxhall	65,729	73,274	London (Lambeth)	England
Wakefield	71,347	71,531	West Yorkshire (Wakefield)	England
Wallasey	66,845	65,732	Merseyside	England
Walsall North	66,287	65,468	West Midlands	England
Walsall South	64,995	66,082	West Midlands	England
Walthamstow	64,314	64,482	London (Waltham Forest)	England
Wansbeck	63,329	62,395	Northumberland	England
Wantage	74,774	79,775	Oxfordshire	England
Warley	64,695	63,024	West Midlands	England
Warrington North	71,868	71,836	Cheshire	England
Warrington South	75,114	81,212	Cheshire	England
Warwick and Leamington	63,236	66,278	Warwickshire	England
Washington and Sunderland West	70,259	70,177	Tyne and Wear	England
Watford	76,331	80,939	Hertfordshire	England
Waveney	76,708	79,132	Suffolk	England
Wealden	74,989	77,536	East Sussex	England
Weaver Vale	64,216	66,008	Cheshire	England
Wellingborough	71,392	76,848	Northamptonshire	England
Wells	74,064	79,989	Somerset	England
Welwyn Hatfield	67,247	71,766	Hertfordshire	England
Wentworth and Dearne	71,213	72,272	South Yorkshire	England
West Bromwich East	64,538	63,008	West Midlands	England
West Bromwich West	62,899	65,249	West Midlands	England
West Dorset	71,462	76,779	Dorset	England
West Ham	77,984	86,400	London (Newham)	England
West Lancashire	73,739	73,028	Lancashire	England
West Suffolk	68,883	76,158	Suffolk	England
West Worcestershire	71,373	73,001	Worcestershire	England
Westminster North	59,016	65,936	London (Westminster)	England
Westmorland and Lonsdale	67,303	66,609	Cumbria	England
Weston-Super-Mare	73,771	78,778	North Somerset	England
Wigan	76,467	76,779	Greater Manchester	England
Wimbledon	64,841	65,936	London (Merton)	England
Winchester	70,211	74,138	Hampshire	England
Windsor	69,785	70,633	Berkshire	England
Wirral South	57,801	56,238	Merseyside	England
Wirral West	56,085	55,077	Merseyside	England
Witham	63,839	67,451	Essex	England
Witney	72,275	78,220	Oxfordshire	England
Woking	71,260	74,328	Surrey	England
Wokingham	69,751	75,886	Berkshire	England
Wolverhampton North East	62,778	60,354	West Midlands	England
Wolverhampton South East	64,015	61,751	West Midlands	England
Wolverhampton South West	63,641	59,846	West Midlands	England
Worcester	71,601	73,960	Worcestershire	England
Workington	61,369	59,361	Cumbria	England
Worsley and Eccles South	72,554	73,409	Greater Manchester	England
Worthing West	72,585	74,468	West Sussex	England
Wycombe	71,997	73,750	Buckinghamshire	England
Wyre and Preston North	68,812	71,612	Lancashire	England
Wyre Forest	75,563	77,800	Worcestershire	England
Wythenshawe and Sale East	72,093	75,602	Greater Manchester	England
Yeovil	77,049	82,771	Somerset	England
York Central	71,160	75,656	North Yorkshire	England
York Outer	71,613	75,125	North Yorkshire	England
Aberavon	50,422	51,233	Neath Port Talbot	Wales
Aberconwy	43,976	45,407	Denbighshire	Wales
Alyn and Deeside	60,331	62,196	Flintshire;Wrexham	Wales
Arfon	42,998	41,138	Gwynedd	Wales
Blaenau Gwent	53,120	53,791	Blaenau Gwent	Wales
Brecon and Radnorshire	53,497	53,882	Powys	Wales
Bridgend	57,046	59,533	Bridgend	Wales
Caerphilly	64,120	61,876	Caerphilly; Newport	Wales
Cardiff Central	60,864	64,225	Cardiff	Wales
Cardiff North	63,615	67,194	Cardiff	Wales
Cardiff South and Penarth	67,855	75,175	Cardiff	Wales
Cardiff West	64,587	64,295	Cardiff	Wales
Carmarthen East and Dinefwr	52,741	54,557	Carmarthenshire	Wales
Carmarthen West and South Pembrokeshire	57,143	58,994	Carmarthenshire; Pembrokeshire	Wales
Ceredigion	52,514	56,942	Ceredigion	Wales
Clwyd South	51,201	54,895	Clwyd; Denbighshire	Wales
Clwyd West	55,381	58,544	Clwyd	Wales
Cynon Valley	48,272	52,372	Rhondda Cynon Taf	Wales
Delyn	54,277	54,405	Flintshire; Conwy	Wales
Dwyfor Meirionnydd	48,823	45,006	Gwynedd	Wales
Gower	60,535	62,389	Swansea	Wales
Islwyn	56,225	54,792	Caerphilly	Wales
Llanelli	57,409	59,266	Carmarthenshire; Swansea	Wales
Merthyr Tydfil and Rhymney	55,476	55,409	Merthyr Tydfil; Caerphilly	Wales
Monmouth	62,423	65,432	Monmouthshire	Wales
Montgomeryshire	46,655	48,910	Powys	Wales
Neath	56,982	57,823	Neath Port Talbot	Wales
Newport East	56,355	55,224	Newport	Wales
Newport West	60,882	63,056	Newport	Wales
Ogmore	53,842	55,851	Rhondda Cynon Taf	Wales
Pontypridd	54,122	60,275	Torfaen	Wales
Preseli Pembrokeshire	56,001	58,343	Pembrokeshire	Wales
Rhondda	50,389	52,862	Rhondda Cynon Taf	Wales
Swansea East	57,226	60,809	Swansea	Wales
Swansea West	58,336	62,769	Swansea	Wales
Torfaen	61,371	61,806	Torfaen	Wales
Vale of Clwyd	49,637	56,585	Denbighshire	Wales
Vale of Glamorgan	68,229	71,585	Vale of Glamorgan	Wales
Wrexham	50,980	53,733	Wrexham	Wales
Ynys Môn	49,831	49,721	Isle of Anglesey	Wales
Belfast East	60,129	60,050	Belfast; Castlereagh	Northern Ireland
Belfast North	63,193	66,825	Belfast; Newtownabbey	Northern Ireland
Belfast South	58,225	60,726	Belfast; Castlereagh	Northern Ireland
Belfast West	55,025	60,520	Belfast; Lisburn	Northern Ireland
East Antrim	56,125	61,253	Carrickfergus; Larne; Moyle	Northern Ireland
East Londonderry	60,494	64,546	Coleraine; Londonderry/Derry	Northern Ireland
Fermanagh and South Tyrone	64,345	68,979	Fermanagh; Dungannon and South Tyrone	Northern Ireland
Foyle	60,823	67,810	Londonderry/Derry	Northern Ireland
Lagan Valley	60,973	66,327	Lisburn; Banbridge	Northern Ireland
Mid Ulster/Mid Ulster	60,119	65,655	Magherafelt; Cookstown; Dungannon and South Tyrone	Northern Ireland
Newry and Armagh	68,730	75,856	Armagh; Newry and Mourne	Northern Ireland
North Antrim	72,814	74,094	Ballymena; Ballymoney; Moyle	Northern Ireland
North Down	57,435	61,615	Ards; North Down	Northern Ireland
South Antrim	56,594	64,254	Antrim; Newtownabbey; Lisburn	Northern Ireland
South Down	64,530	72,092	Down; Newry and Mourne; Banbridge	Northern Ireland
Strangford	57,463	61,566	Ards; Castlereagh; Down	Northern Ireland
Upper Bann	68,806	76,209	Craigavon; Banbridge	Northern Ireland
West Tyrone	57,847	62,258	Omagh; Strabane	Northern Ireland
Aberdeen North	69,622	64,753	Aberdeen City	Scotland
Aberdeen South	69,332	64,330	Aberdeen City	Scotland
Airdrie and Shotts	63,309	62,789	North Lanarkshire	Scotland
Angus	64,591	64,178	Angus	Scotland
Argyll and Bute	69,571	67,692	Argyll and Bute	Scotland
Ayr, Carrick and Cumnock	74,159	73,708	East Ayrshire and South Ayrshire	Scotland
Banff and Buchan	65,970	65,183	Aberdeenshire	Scotland
Berwickshire, Roxburgh and Selkirk	72,430	74,115	Scottish Borders	Scotland
Caithness, Sutherland and Easter Ross	46,533	47,572	Highland	Scotland
Central Ayrshire	69,161	69,243	North Ayrshire and South Ayrshire	Scotland
Coatbridge, Chryston and Bellshill	67,647	70,537	North Lanarkshire	Scotland
Cumbernauld, Kilsyth and Kirkintilloch East	67,802	65,317	East Dunbartonshire and North Lanarkshire	Scotland
Dumfries and Galloway	75,316	74,414	Dumfries and Galloway	Scotland
Dumfriesshire, Clydesdale and Tweeddale	65,137	67,066	Dumfries and Galloway, Scottish Borders and South Lanarkshire	Scotland
Dundee East	65,059	65,702	Angus and Dundee City	Scotland
Dundee West	67,751	63,065	Angus and Dundee City	Scotland
Dunfermline and West Fife	70,373	74,621	Fife	Scotland
East Dunbartonshire	66,724	64,186	East Dunbartonshire	Scotland
East Kilbride, Strathaven and Lesmahagow	77,257	77,985	South Lanarkshire	Scotland
East Lothian	71,288	74,320	East Lothian	Scotland
East Renfrewshire	69,249	68,117	East Renfrewshire	Scotland
Edinburgh East	74,505	60,594	City of Edinburgh	Scotland
Edinburgh North and Leith	74,762	69,580	City of Edinburgh	Scotland
Edinburgh South	68,884	59,285	City of Edinburgh	Scotland
Edinburgh South West	75,787	66,262	City of Edinburgh	Scotland
Edinburgh West	70,603	65,526	City of Edinburgh	Scotland
Falkirk	78,281	82,473	Falkirk	Scotland
Glasgow Central	70,378	67,521	Glasgow City	Scotland
Glasgow East	70,167	66,482	Glasgow City	Scotland
Glasgow North	63,729	54,620	Glasgow City	Scotland
Glasgow North East	70,899	64,171	Glasgow City	Scotland
Glasgow North West	67,087	64,522	Glasgow City	Scotland
Glasgow South	74,482	69,122	Glasgow City	Scotland
Glasgow South West	66,335	62,378	Glasgow City	Scotland
Glenrothes	69,499	68,393	Fife	Scotland
Gordon	69,631	74,394	Aberdeenshire	Scotland
Inverclyde	65,485	61,038	Inverclyde	Scotland
Inverness, Nairn, Badenoch and Strathspey	67,790	72,764	Highland	Scotland
Kilmarnock and Loudoun	72,922	75,001	East Ayrshire	Scotland
Kirkcaldy and Cowdenbeath	74,163	74,247	Fife	Scotland
Lanark and Hamilton East	76,173	76,190	South Lanarkshire	Scotland
Linlithgow and East Falkirk	78,675	81,756	West Lothian and Falkirk	Scotland
Livingston	76,299	76,580	West Lothian	Scotland
Midlothian	62,787	61,986	Midlothian	Scotland
Moray	63,959	66,726	Moray	Scotland
Motherwell and Wishaw	67,499	66,949	North Lanarkshire	Scotland
Na h-Eileanan an Iar	21,884	21,837	Na h-Eileanan Siar	Scotland
North Ayrshire and Arran	73,182	75,201	North Ayrshire	Scotland
North East Fife	64,813	63,349	Fife	Scotland
Ochil and South Perthshire	71,738	75,848	Clackmannanshire and Perth and Kinross	Scotland
Orkney and Shetland	32,181	33,755	Orkney Islands and Shetland Islands	Scotland
Paisley and Renfrewshire North	68,642	65,847	Renfrewshire	Scotland
Paisley and Renfrewshire South	68,038	63,268	Renfrewshire	Scotland
Perth and North Perthshire	70,718	73,064	Perth and Kinross	Scotland
Ross, Skye and Lochaber	49,544	52,064	Highland	Scotland
Rutherglen and Hamilton West	75,370	77,729	South Lanarkshire	Scotland
Stirling	66,393	66,743	Stirling	Scotland
West Aberdeenshire and Kincardine	62,214	67,060	Aberdeenshire	Scotland
West Dunbartonshire	71,710	66,738	West Dunbartonshire	Scotland
