Aberavon
Aberconwy
Aberdeen North
Aberdeen South
Aberdeenshire West & Kincardine
Airdrie & Shotts
Aldershot
Aldridge-Brownhills
Altrincham & Sale West
Alyn & Deeside
Amber Valley
Angus
Antrim East
Antrim North
Antrim South
Arfon
Argyll & Bute
Arundel & South Downs
Ashfield
Ashford
Ashton Under Lyne
Aylesbury
Ayr, Carrick & Cumnock
Ayrshire Central
Ayrshire North & Arran
Banbury
Banff & Buchan
Barking
Barnsley Central
Barnsley East
Barrow & Furness
Basildon & Billericay
Basildon South & Thurrock East
Basingstoke
Bassetlaw
Bath
Batley & Spen
Battersea
Beaconsfield
Beckenham
Bedford
Bedfordshire Mid
Bedfordshire North East
Bedfordshire South West
Belfast East
Belfast North
Belfast South
Belfast West
Bermondsey & Old Southwark
Berwick-Upon-Tweed
Berwickshire, Roxburgh & Selkirk
Bethnal Green & Bow
Beverley & Holderness
Bexhill & Battle
Bexleyheath & Crayford
Birkenhead
Birmingham Edgbaston
Birmingham Erdington
Birmingham Hall Green
Birmingham Hodge Hill
Birmingham Ladywood
Birmingham Northfield
Birmingham Perry Barr
Birmingham Selly Oak
Birmingham Yardley
Bishop Auckland
Blackburn
Blackley & Broughton
Blackpool North & Cleveleys
Blackpool South
Blaenau Gwent
Blaydon
Blyth Valley
Bognor Regis & Littlehampton
Bolsover
Bolton North East
Bolton South East
Bolton West
Bootle
Boston & Skegness
Bosworth
Bournemouth East
Bournemouth West
Bracknell
Bradford East
Bradford South
Bradford West
Braintree
Brecon & Radnorshire
Brent Central
Brent North
Brentford & Isleworth
Brentwood & Ongar
Bridgend
Bridgwater & Somerset West
Brigg & Goole
Brighton Kemptown
Brighton Pavilion
Bristol East
Bristol North West
Bristol South
Bristol West
Broadland
Bromley & Chislehurst
Bromsgrove
Broxbourne
Broxtowe
Buckingham
Burnley
Burton
Bury North
Bury South
Bury St Edmunds
Caerphilly
Caithness, Sutherland & Easter Ross
Calder Valley
Camberwell & Peckham
Camborne & Redruth
Cambridge
Cambridgeshire North East
Cambridgeshire North West
Cambridgeshire South
Cambridgeshire South East
Cannock Chase
Canterbury
Cardiff Central
Cardiff North
Cardiff South & Penarth
Cardiff West
Carlisle
Carmarthen East & Dinefwr
Carmarthen West & Pembrokeshire South
Carshalton & Wallington
Castle Point
Ceredigion
Charnwood
Chatham & Aylesford
Cheadle
Chelmsford
Chelsea & Fulham
Cheltenham
Chesham & Amersham
Chester, City Of
Chesterfield
Chichester
Chingford & Woodford Green
Chippenham
Chipping Barnet
Chorley
Christchurch
Cities Of London & Westminster
Clacton
Cleethorpes
Clwyd South
Clwyd West
Coatbridge, Chryston & Bellshill
Colchester
Colne Valley
Congleton
Copeland
Corby
Cornwall North
Cornwall South East
Cotswolds, The
Coventry North East
Coventry North West
Coventry South
Crawley
Crewe & Nantwich
Croydon Central
Croydon North
Croydon South
Cumbernauld, Kilsyth & Kirkintilloch East
Cynon Valley
Dagenham & Rainham
Darlington
Dartford
Daventry
Delyn
Denton & Reddish
Derby North
Derby South
Derbyshire Dales
Derbyshire Mid
Derbyshire North East 
Derbyshire South
Devizes
Devon Central
Devon East
Devon North
Devon South West
Devon West & Torridge
Dewsbury
Don Valley
Doncaster Central
Doncaster North
Dorset Mid & Poole North
Dorset North
Dorset South
Dorset West
Dover
Down North
Down South
Dudley North
Dudley South
Dulwich & West Norwood
Dumfries & Galloway
Dumfriesshire, Clydesdale & Tweeddale
Dunbartonshire East
Dunbartonshire West
Dundee East
Dundee West
Dunfermline & Fife West
Durham, City Of
Durham North
Durham North West
Dwyfor Meirionnydd
Ealing Central & Acton
Ealing North
Ealing Southall
Easington
East Ham
East Kilbride, Strathaven & Lesmahagow
East Lothian
Eastbourne
Eastleigh
Eddisbury
Edinburgh East
Edinburgh North & Leith
Edinburgh South
Edinburgh South West
Edinburgh West
Edmonton
Ellesmere Port & Neston
Elmet & Rothwell
Eltham
Enfield North
Enfield Southgate
Epping Forest
Epsom & Ewell
Erewash
Erith & Thamesmead
Esher & Walton
Exeter
Falkirk
Fareham
Faversham & Kent Mid
Feltham & Heston
Fermanagh & South Tyrone
Fife North East
Filton & Bradley Stoke
Finchley & Golders Green
Folkestone & Hythe
Forest Of Dean
Foyle
Fylde
Gainsborough
Garston & Halewood
Gateshead
Gedling
Gillingham & Rainham
Glasgow Central
Glasgow East
Glasgow North
Glasgow North East
Glasgow North West
Glasgow South
Glasgow South West
Glenrothes
Gloucester
Gordon
Gosport
Gower
Grantham & Stamford
Gravesham
Great Grimsby
Great Yarmouth
Greenwich & Woolwich
Guildford
Hackney North & Stoke Newington
Hackney South & Shoreditch
Halesowen & Rowley Regis
Halifax
Haltemprice & Howden
Halton
Hammersmith
Hampshire East
Hampshire North East
Hampshire North West
Hampstead & Kilburn
Harborough
Harlow
Harrogate & Knaresborough
Harrow East
Harrow West
Hartlepool
Harwich & Essex North
Hastings & Rye
Havant
Hayes & Harlington
Hazel Grove
Hemel Hempstead
Hemsworth
Hendon
Henley
Hereford & Herefordshire South
Herefordshire North
Hertford & Stortford
Hertfordshire North East
Hertfordshire South West
Hertsmere
Hexham
Heywood & Middleton
High Peak
Hitchin & Harpenden
Holborn & St Pancras
Hornchurch & Upminster
Hornsey & Wood Green
Horsham
Houghton & Sunderland South
Hove
Huddersfield
Hull East
Hull North
Hull West & Hessle
Huntingdon
Hyndburn
Ilford North
Ilford South
Inverclyde
Inverness, Nairn, Badenoch & Strathspey
Ipswich
Isle Of Wight
Islington North
Islington South & Finsbury
Islwyn
Jarrow
Keighley
Kenilworth & Southam
Kensington
Kettering
Kilmarnock & Loudoun
Kingston & Surbiton
Kingswood
Kirkcaldy & Cowdenbeath
Knowsley
Lagan Valley
Lanark & Hamilton East
Lancashire West
Lancaster & Fleetwood
Leeds Central
Leeds East
Leeds North East
Leeds North West
Leeds West
Leicester East
Leicester South
Leicester West
Leicestershire North West
Leicestershire South
Leigh
Lewes
Lewisham Deptford
Lewisham East
Lewisham West & Penge
Leyton & Wanstead
Lichfield
Lincoln
Linlithgow & Falkirk East
Liverpool Riverside
Liverpool Walton
Liverpool Wavertree
Liverpool West Derby
Livingston
Llanelli
Londonderry East
Loughborough
Louth & Horncastle
Ludlow
Luton North
Luton South
Macclesfield
Maidenhead
Maidstone & The Weald
Makerfield
Maldon
Manchester Central
Manchester Gorton
Manchester Withington
Mansfield
Meon Valley
Meriden
Merthyr Tydfil & Rhymney
Middlesbrough
Middlesbrough South & Cleveland East
Midlothian
Milton Keynes North
Milton Keynes South
Mitcham & Morden
Mole Valley
Monmouth
Montgomeryshire
Moray
Morecambe & Lunesdale
Morley & Outwood
Motherwell & Wishaw
Na H-Eileanan An Iar
Neath
New Forest East
New Forest West
Newark
Newbury
Newcastle-Under-Lyme
Newcastle Upon Tyne Central
Newcastle Upon Tyne East
Newcastle Upon Tyne North
Newport East
Newport West
Newry & Armagh
Newton Abbot
Norfolk Mid
Norfolk North
Norfolk North West
Norfolk South
Norfolk South West
Normanton, Pontefract & Castleford
Northampton North
Northampton South
Northamptonshire South
Norwich North
Norwich South
Nottingham East
Nottingham North
Nottingham South
Nuneaton
Ochil & Perthshire South
Ogmore
Old Bexley & Sidcup
Oldham East & Saddleworth
Oldham West & Royton
Orkney & Shetland
Orpington
Oxford East
Oxford West & Abingdon
Paisley & Renfrewshire North
Paisley & Renfrewshire South
Pendle
Penistone & Stocksbridge
Penrith & The Border
Perth & Perthshire North
Peterborough
Plymouth Moor View
Plymouth Sutton & Devonport
Pontypridd
Poole
Poplar & Limehouse
Portsmouth North
Portsmouth South
Preseli Pembrokeshire
Preston
Pudsey
Putney
Rayleigh & Wickford
Reading East
Reading West
Redcar
Redditch
Reigate
Renfrewshire East
Rhondda
Ribble Valley
Richmond Yorks
Richmond Park
Rochdale
Rochester & Strood
Rochford & Southend East
Romford
Romsey & Southampton North
Ross, Skye & Lochaber
Rossendale & Darwen
Rother Valley
Rotherham
Rugby
Ruislip, Northwood & Pinner
Runnymede & Weybridge
Rushcliffe
Rutherglen & Hamilton West
Rutland & Melton
Saffron Walden
St Albans
St Austell & Newquay
St Helens North
St Helens South
St Ives
Salford & Eccles
Salisbury
Scarborough & Whitby
Scunthorpe
Sedgefield
Sefton Central
Selby & Ainsty
Sevenoaks
Sheffield Brightside & Hillsborough
Sheffield Central
Sheffield Hallam
Sheffield Heeley
Sheffield South East
Sherwood
Shipley
Shrewsbury & Atcham
Shropshire North
Sittingbourne & Sheppey
Skipton & Ripon
Sleaford & North Hykeham
Slough
Solihull
Somerset North
Somerset North East
Somerton & Frome
South Holland & The Deepings
South Ribble
South Shields
Southampton Itchen
Southampton Test
Southend West
Southport
Spelthorne
Stafford
Staffordshire Moorlands
Staffordshire South
Stalybridge & Hyde
Stevenage
Stirling
Stockport
Stockton North
Stockton South
Stoke-On-Trent Central
Stoke-On-Trent North
Stoke-On-Trent South
Stone
Stourbridge
Strangford
Stratford-On-Avon
Streatham
Stretford & Urmston
Stroud
Suffolk Central & Ipswich North
Suffolk Coastal
Suffolk South
Suffolk West
Sunderland Central
Surrey East
Surrey Heath
Surrey South West
Sussex Mid
Sutton & Cheam
Sutton Coldfield
Swansea East
Swansea West
Swindon North
Swindon South
Tamworth
Tatton
Taunton Deane
Telford
Tewkesbury
Thanet North
Thanet South
Thirsk & Malton
Thornbury & Yate
Thurrock
Tiverton & Honiton
Tonbridge & Malling
Tooting
Torbay
Torfaen
Totnes
Tottenham
Truro & Falmouth
Tunbridge Wells
Twickenham
Tynemouth
Tyneside North
Tyrone West
Ulster Mid
Upper Bann
Uxbridge & Ruislip South
Vale Of Clwyd
Vale Of Glamorgan
Vauxhall
Wakefield
Wallasey
Walsall North
Walsall South
Walthamstow
Wansbeck
Wantage
Warley
Warrington North
Warrington South
Warwick & Leamington
Warwickshire North
Washington & Sunderland West
Watford
Waveney
Wealden
Weaver Vale
Wellingborough
Wells
Welwyn Hatfield
Wentworth & Dearne
West Bromwich East
West Bromwich West
West Ham
Westminster North
Westmorland & Lonsdale
Weston-Super-Mare
Wigan
Wiltshire North
Wiltshire South West
Wimbledon
Winchester
Windsor
Wirral South
Wirral West
Witham
Witney
Woking
Wokingham
Wolverhampton North East
Wolverhampton South East
Wolverhampton South West
Worcester
Worcestershire Mid
Worcestershire West
Workington
Worsley & Eccles South
Worthing East & Shoreham
Worthing West
Wrekin, The
Wrexham
Wycombe
Wyre & Preston North
Wyre Forest
Wythenshawe & Sale East
Yeovil
Ynys Mon
York Central
York Outer
Yorkshire East